Ticker,Price,MA50,MA_Diff_Pct,Trend
HDFCBANK.NS,702.75,722.05,-2.67,Strong Bearish 🩸
HINDUNILVR.NS,1865.4000244140625,1985.6439990234376,-6.06,Strong Bearish 🩸
ICICIBANK.NS,1357.5,1392.1180029296875,-2.49,Strong Bearish 🩸
INFY.NS,992.0,1095.6189990234375,-9.46,Strong Bearish 🩸
ITC.NS,265.70001220703125,269.4409991455078,-1.39,Weak Bearish ↘️
M&M.NS,2800.0,3209.846005859375,-12.77,Strong Bearish 🩸
ONGC.NS,221.8800048828125,234.85839965820313,-5.53,Strong Bearish 🩸
RELIANCE.NS,1207.699951171875,1273.3300024414064,-5.15,Strong Bearish 🩸
TCS.NS,2080.300048828125,2255.0980053710937,-7.75,Strong Bearish 🩸
TMPV.NS,283.0,313.4519995117187,-9.72,Strong Bearish 🩸
