Ticker,HDFCBANK.NS,HINDUNILVR.NS,ICICIBANK.NS,INFY.NS,ITC.NS,M&M.NS,ONGC.NS,RELIANCE.NS,TCS.NS,TMPV.NS
HDFCBANK.NS,1.0,0.22985877954715034,0.4866051277273238,0.25706419873002007,0.23497597378508778,0.35397869729692755,0.11679498333139725,0.36891017360600437,0.23108289182909567,0.2682938548177741
HINDUNILVR.NS,0.22985877954715034,1.0,0.2035599970806162,0.19532479093647523,0.346242664724673,0.2506064599010705,-0.024123033670893492,0.2139495741966719,0.20009868427140792,0.1699602516477213
ICICIBANK.NS,0.4866051277273238,0.2035599970806162,1.0,0.21941556598853923,0.26023347158381677,0.3570041739748043,0.15037779151014247,0.3452109153280201,0.2089063671766201,0.26232564228781347
INFY.NS,0.25706419873002007,0.19532479093647523,0.21941556598853923,1.0,0.1868317475136441,0.23944499453201293,0.12741375321501655,0.25789766999617414,0.7292512763301076,0.20579626236730258
ITC.NS,0.23497597378508778,0.346242664724673,0.26023347158381677,0.1868317475136441,1.0,0.25799867754652184,0.15476614126708793,0.31568504244367807,0.17337433426227625,0.2589669985405585
M&M.NS,0.35397869729692755,0.2506064599010705,0.3570041739748043,0.23944499453201293,0.25799867754652184,1.0,0.15822444466269492,0.3654848625450544,0.22614832939348345,0.42817520619663385
ONGC.NS,0.11679498333139725,-0.024123033670893492,0.15037779151014247,0.12741375321501655,0.15476614126708793,0.15822444466269492,1.0,0.3503828839940409,0.12531621338199525,0.2047660545257686
RELIANCE.NS,0.36891017360600437,0.2139495741966719,0.3452109153280201,0.25789766999617414,0.31568504244367807,0.3654848625450544,0.3503828839940409,1.0,0.2673996881944399,0.3378173717547432
TCS.NS,0.23108289182909567,0.20009868427140792,0.2089063671766201,0.7292512763301076,0.17337433426227625,0.22614832939348345,0.12531621338199525,0.2673996881944399,1.0,0.23485051854963737
TMPV.NS,0.2682938548177741,0.1699602516477213,0.26232564228781347,0.20579626236730258,0.2589669985405585,0.42817520619663385,0.2047660545257686,0.3378173717547432,0.23485051854963737,1.0
